user_id,first_name,last_name,email,country,signup_date
422,Debra,Christian,debra.christian@yahoo.com,US,2023-01-05 07:12:39
875,Devin,Clark,devin.clark@outlook.com,US,2023-07-07 08:52:24
85,Jason,Anderson,jason.anderson@yahoo.com,US,2023-12-17 14:03:35
361,Christopher,Hayden,christopher.hayden@gmail.com,IN,2023-01-19 07:34:47
725,Stephen,Carter,stephen.carter@outlook.com,FR,2023-12-23 22:41:23
740,Carrie,Short,carrie.short@example.com,US,2023-01-31 17:34:00
603,Randy,Collins,randy.collins@outlook.com,US,2023-01-06 20:18:05
253,Anthony,Day,anthony.day@example.com,GB,2023-01-23 14:28:33
878,Glen,Barr,glen.barr@example.com,GB,2023-02-13 21:19:59
911,Audrey,Nichols,audrey.nichols@outlook.com,US,2023-01-10 19:01:33
920,Daniel,Bird,daniel.bird@outlook.com,US,
922,Amy,Snyder,amy.snyder@example.com,US,2023-08-05 10:32:44
967,Kathy,Obrien,kathyobrien@hotmail.com,DE,2023-11-26 01:25:03
260,Andrew,Ryan,andrew.ryan@example.com,US,2023-10-17 11:01:23
614,Karen,Wolf,karen.wolf@yahoo.com,IN,2023-03-30 23:58:51
657,Stacey,Tucker,stacey.tucker@gmail.com,US,2023-03-25 05:36:48
501,Cory,Jennings,cory.jennings@outlook.com,US,2023-06-07 15:17:20
841,William,Duran,william.duran@hotmail.com,FR,2023-04-18 18:03:25
799,Kevin,Ferguson,kevin.ferguson@gmail.com,GB,2023-01-01 12:41:13
220,Stephen,Solis,stephen.solis@gmail.com,AU,2023-09-12 03:36:32
355,Keith,Martinez,keith.martinez@outlook.com,GB,2023-11-07 06:52:34
996,Amber,Mata,ambermata@gmail.com,US,2023-06-17 21:51:10
736,Terri,Crawford,terri.crawford@hotmail.com,US,2023-12-20 19:15:02
236,Rick,Daniels,rick.daniels@gmail.com,US,2023-11-14 00:29:58
686,Jeffrey,Hayes,jeffrey.hayes@hotmail.com,GB,2023-12-29 23:57:08
256,Jason,Murphy,jason.murphy@hotmail.com,US,2023-10-10 08:46:54
906,Richard,Donovan,richard.donovan@outlook.com,IN,2023-02-06 17:25:32
664,Nicholas,Martin,nicholas.martin@example.com,CA,2023-06-22 04:21:57
586,Jason,Taylor,jason.taylor@example.com,,2023-03-19 05:24:19
69,Chad,Hodges,chad.hodges@example.com,US,2023-12-18 10:01:07
154,Kyle,Nolan,kyle.nolan@yahoo.com,NL,2023-12-15 03:41:53
478,Michael,Gibbs,michael.gibbs@yahoo.com,US,2023-02-13 13:38:08
571,Julie,Lewis,julie.lewis@hotmail.com,CA,2023-11-12 18:32:20
912,Jennifer,Zuniga,jennifer.zuniga@yahoo.com,NL,2023-04-10 07:13:54
754,Carlos,Osborne,carlos.osborne@yahoo.com,DE,2023-12-12 06:26:57
825,Erik,Murphy,erik.murphy@example.com,US,2023-12-22 06:31:47
602,Brianna,Warren,brianna.warren@hotmail.com,US,2023-01-27 21:40:38
94,Michelle,Wright,michelle.wright@example.com,AU,2023-01-29 18:24:30
470,Maria,Scott,maria.scott@yahoo.com,FR,2023-09-06 20:42:27
916,Randy,Simpson,randy.simpson@hotmail.com,FR,2023-01-13 18:58:13
871,Edward,Vaughn,edward.vaughn@example.com,US,2023-12-10 08:08:45
988,Stacey,Tucker,stacey.tucker@gmai.com,US,2023-05-04 05:36:48
285,Cynthia,Poole,cynthia.poole@hotmail.com,US,2023-01-26 02:22:15
434,Kelly,Brooks,kelly.brooks@example.com,DE,2023-05-04 13:14:53
459,Dana,Oliver,dana.oliver@hotmail.com,DE,2023-11-20 20:58:05
59,Kenneth,Fowler,kenneth.fowler@outlook.com,CA,2023-01-31 22:57:09
729,Amy,King,amy.king@example.com,IN,2023-01-15 22:59:09
66,Kyle,Brown,kyle.brown@gmail.com,US,2023-01-16 07:12:52
382,Kathleen,Harris,kathleen.harris@example.com,US,2023-07-26 09:46:01
616,Anne,Reid,anne.reid@example.com,CA,2023-12-26 22:39:37
516,John,Thompson,john.thompson@example.com,DE,2023-05-14 10:50:08
228,John,Walsh,john.walsh@hotmail.com,US,2023-04-19 19:05:56
679,John,Davidson,john.davidson@gmail.com,US,2023-02-02 09:23:51
909,Manuel,Brewer,manuel.brewer@outlook.com,FR,2023-04-08 18:34:13
980,Terri,Tran,teri.tran@example.com,US,2023-04-14 13:39:40
111,Tanya,Riley,tanya.riley@gmail.com,IN,2023-11-04 13:23:40
234,Jesse,Benson,jesse.benson@hotmail.com,US,2023-01-24 13:11:08
42,Brenda,Hurst,brenda.hurst@yahoo.com,US,2023-12-09 14:18:27
671,Amanda,Collins,amanda.collins@hotmail.com,US,2023-01-17 08:39:38
127,Charles,Ellis,charles.ellis@yahoo.com,GB,2023-11-04 00:36:18
673,Mary,Richardson,mary.richardson@hotmail.com,US,2023-01-07 19:12:49
403,Tracy,Hernandez,tracy.hernandez@outlook.com,IN,2023-01-24 06:03:17
541,Shannon,Perez,shannon.perez@example.com,NL,2023-12-03 14:55:18
286,Jasmine,Graham,jasmine.graham@gmail.com,FR,2023-11-11 04:02:22
868,Erin,Johnson,erin.johnson@hotmail.com,GB,2023-08-09 13:12:54
441,Jonathan,Scott,jonathan.scott@hotmail.com,US,2023-01-14 14:35:35
774,Melissa,Joseph,melissa.joseph@hotmail.com,US,2023-01-07 16:58:50
301,Christopher,Cortez,christopher.cortez@example.com,US,2023-02-15 11:23:28
739,Jessica,Miller,jessica.miller@example.com,US,2023-01-29 20:12:20
904,Kelli,Smith,kelli.smith@yahoo.com,GB,2023-12-18 23:35:26
776,Laura,Hicks,laura.hicks@hotmail.com,US,2023-12-21 08:53:47
765,Sean,Davies,sean.davies@yahoo.com,IN,2023-02-24 20:04:46
187,Judy,Lambert,judy.lambert@outlook.com,AU,2023-02-08 21:46:43
258,Karen,Decker,karen.decker@hotmail.com,US,2023-10-22 12:08:38
890,Erica,James,erica.james@hotmail.com,IN,2023-09-28 17:10:04
937,Kevin,Sharp,kevin.sharp@gmail.com,US,2023-12-17 01:16:10
257,Kathleen,Gray,kathleen.gray@example.com,IN,2023-04-19 21:09:58
194,David,Fisher,david.fisher@gmail.com,US,2023-08-13 14:23:42
476,Jennifer,Whitney,jennifer.whitney@outlook.com,GB,2023-11-23 09:58:39
769,Rachel,Wallace,rachel.wallace@yahoo.com,IN,2023-09-28 09:08:29
540,Jennifer,Lewis,jennifer.lewis@gmail.com,,2023-01-22 01:11:14
98,Scott,Callahan,scott.callahan@outlook.com,IN,2023-12-18 00:58:25
634,William,Thompson,william.thompson@gmail.com,US,2023-05-06 18:49:13
618,Courtney,Hernandez,courtney.hernandez@example.com,DE,2023-12-30 03:36:49
183,Paul,Ray,paul.ray@outlook.com,US,2023-05-05 02:58:18
900,John,Santiago,john.santiago@gmail.com,CA,2023-10-12 17:47:56
270,Julie,Wilson,julie.wilson@yahoo.com,IN,2023-01-16 11:35:59
766,Justin,Hendricks,justin.hendricks@gmail.com,IN,2023-11-21 00:52:37
409,Kimberly,Williams,kimberly.williams@hotmail.com,US,2023-05-29 15:29:06
715,Jon,Smith,jon.smith@hotmail.com,AU,2023-02-23 20:11:32
598,Mark,Solis,mark.solis@example.com,IN,2023-10-14 20:10:38
790,Hunter,Burch,hunter.burch@example.com,US,2023-11-11 14:38:37
374,Lisa,Pierce,lisa.pierce@hotmail.com,DE,2023-10-31 09:23:39
637,Erik,Watson,erik.watson@yahoo.com,GB,2023-09-01 07:16:38
460,Erica,Le,erica.le@gmail.com,DE,2023-10-12 05:41:39
969,Manuel,Brewer,manuelbrewer@outlook.com,FR,2023-05-27 18:34:13
801,Shelly,Moore,shelly.moore@hotmail.com,IN,2023-06-12 19:17:43
750,Michael,Owen,michael.owen@gmail.com,CA,2023-08-05 23:25:50
667,Samuel,Jenkins,samuel.jenkins@yahoo.com,US,2023-10-26 01:24:56
468,Amber,Mata,amber.mata@gmail.com,US,2023-05-04 21:51:10
331,Anna,Torres,anna.torres@yahoo.com,GB,2023-01-10 15:38:56
489,Donald,Shah,donald.shah@gmail.com,US,2023-12-25 07:13:51
531,Renee,Jones,renee.jones@yahoo.com,US,2023-10-23 00:10:31
186,Amanda,Ball,amanda.ball@outlook.com,AU,2023-04-28 10:51:07
419,Diana,Moore,diana.moore@gmail.com,GB,2023-10-20 15:42:31
650,Nicholas,Conner,nicholas.conner@example.com,DE,2023-02-22 10:41:05
532,Christopher,Franklin,christopher.franklin@hotmail.com,CA,2023-11-24 08:10:23
61,Kathryn,Ryan,kathryn.ryan@gmail.com,US,2023-12-26 01:57:22
498,Stephanie,Johnson,stephanie.johnson@gmail.com,US,2023-11-23 11:29:31
102,Melinda,Martin,melinda.martin@gmail.com,CA,2023-11-02 11:14:41
782,Christopher,Parker,christopher.parker@hotmail.com,GB,2023-11-22 07:26:51
737,Tyler,Glass,tyler.glass@hotmail.com,US,2023-11-04 12:16:34
943,Larry,Wilson,larry.wilson@gmail.com,US,2023-12-10 10:31:25
508,Kristin,Sanchez,kristin.sanchez@gmail.com,DE,2023-01-16 02:08:37
114,Wesley,Farrell,wesley.farrell@example.com,US,2023-11-27 02:17:56
76,Wanda,Santos,wanda.santos@outlook.com,DE,2023-08-07 13:42:24
210,Melissa,Jones,melissa.jones@gmail.com,CA,2023-12-03 02:20:38
526,Krista,Camacho,krista.camacho@outlook.com,US,2023-08-20 04:17:05
758,Nathan,Hines,nathan.hines@example.com,CA,2023-04-05 21:41:15
806,Darlene,Ray,darlene.ray@hotmail.com,FR,2023-09-22 22:03:10
23,Christopher,Hall,christopher.hall@hotmail.com,NL,2023-11-17 03:55:40
123,James,Moran,james.moran@yahoo.com,US,2023-11-25 22:11:12
925,Daniel,Martin,daniel.martin@hotmail.com,US,2023-09-02 17:25:16
317,Justin,Garcia,justin.garcia@hotmail.com,US,2023-12-09 04:40:19
958,Abigail,Wilson,abigail.wilson@example.com,CA,2023-10-06 12:31:30
330,Brian,Hernandez,brian.hernandez@hotmail.com,CA,2023-01-13 16:29:15
3,Jill,Rhodes,jill.rhodes@example.com,GB,2023-08-23 20:44:34
41,Anna,Baker,anna.baker@yahoo.com,US,2023-07-07 12:57:03
97,John,Leblanc,john.leblanc@outlook.com,US,2023-04-22 12:46:10
832,Michael,Williams,michael.williams@gmail.com,CA,2023-05-22 05:29:07
358,Troy,Miller,troy.miller@yahoo.com,US,2023-06-23 15:06:43
311,John,Martinez,john.martinez@yahoo.com,GB,2023-01-10 12:45:46
231,Chris,Mitchell,chris.mitchell@example.com,US,2023-06-10 21:43:37
225,Maria,Kelley,maria.kelley@hotmail.com,DE,2023-04-11 11:00:11
524,Daniel,Gordon,daniel.gordon@gmail.com,US,2023-03-30 01:50:25
866,Cristina,Harvey,cristina.harvey@outlook.com,FR,2023-03-03 13:40:15
450,Ashley,Andrews,ashley.andrews@hotmail.com,US,2023-12-07 15:20:11
107,Spencer,Henderson,spencer.henderson@hotmail.com,GB,2023-12-13 12:45:12
262,Debra,Harrington,debra.harrington@yahoo.com,US,2023-04-26 03:32:49
71,Thomas,Pierce,thomas.pierce@outlook.com,US,2023-11-14 19:32:07
888,Sarah,Pope,sarah.pope@hotmail.com,IN,2023-07-15 17:18:34
447,John,Bruce,john.bruce@yahoo.com,DE,2023-07-20 06:29:06
418,Jennifer,Ortiz,jennifer.ortiz@yahoo.com,US,2023-02-07 16:29:23
367,Sabrina,White,sabrina.white@outlook.com,GB,2023-10-01 23:21:50
578,Ebony,Tucker,ebony.tucker@example.com,AU,2023-11-26 15:34:19
608,Jessica,Fuentes,jessica.fuentes@hotmail.com,FR,2023-06-25 18:14:35
870,Andrew,Edwards,andrew.edwards@hotmail.com,DE,2023-07-11 00:09:03
669,Sean,Mitchell,sean.mitchell@gmail.com,US,2023-01-15 12:07:35
412,Elizabeth,Hoover,elizabeth.hoover@example.com,GB,2023-06-05 06:21:14
398,Joshua,Tyler,joshua.tyler@outlook.com,CA,2023-01-12 20:42:24
981,Amanda,Reed,amanda.ered@outlook.com,GB,2023-10-22 02:12:51
84,John,Caldwell,john.caldwell@gmail.com,IN,2023-12-29 03:49:27
370,Michael,Cook,michael.cook@yahoo.com,NL,2023-07-30 07:00:16
275,Jennifer,Jones,jennifer.jones@hotmail.com,AU,2023-11-21 10:50:09
677,Tammy,Montoya,tammy.montoya@outlook.com,US,2023-01-17 02:46:46
413,Tina,Simpson,tina.simpson@outlook.com,CA,2023-03-18 20:43:21
164,Martin,Galvan,martin.galvan@gmail.com,IN,2023-06-17 14:00:46
377,Richard,Robertson,richard.robertson@yahoo.com,DE,2023-10-20 02:33:28
793,Eric,Martin,eric.martin@example.com,GB,2023-12-18 16:48:07
997,James,Hicks,jameshicks@hotmail.com,CA,2023-12-31 23:59:59
208,James,Johnson,james.johnson@example.com,US,2023-11-28 21:33:19
857,Kevin,Cabrera,kevin.cabrera@hotmail.com,IN,2023-04-16 14:55:34
321,Terri,Tran,terri.tran@example.com,US,2023-02-19 13:39:40
956,William,Armstrong,william.armstrong@example.com,GB,2023-09-20 07:38:14
891,Tina,Cardenas,tina.cardenas@example.com,US,2023-04-09 17:23:29
946,Dennis,Hernandez,dennis.hernandez@gmail.com,AU,2023-12-08 04:21:57
157,John,Garcia,john.garcia@example.com,CA,2023-12-28 02:17:49
929,Katherine,Thompson,katherine.thompson@outlook.com,US,2023-12-03 03:42:26
963,Sarah,Pope,sarah.poppe@hotmail.com,IN,2023-08-14 17:18:34
209,John,Alvarez,john.alvarez@outlook.com,GB,2023-01-16 12:27:43
901,Amanda,Little,amanda.little@outlook.com,FR,2023-11-02 19:17:33
515,Duane,Anderson,duane.anderson@outlook.com,IN,2023-01-04 04:48:07
696,Shane,Smith,shane.smith@example.com,US,2023-12-15 10:07:31
4,Patricia,Miller,patricia.miller@outlook.com,US,2023-09-26 00:48:51
34,Jeremy,Johnson,jeremy.johnson@yahoo.com,US,2023-07-18 04:46:59
167,Kristin,Rodriguez,kristin.rodriguez@example.com,US,2023-04-23 15:55:34
263,Denise,Webster,denise.webster@example.com,IN,2023-12-02 21:21:56
833,Troy,Khan,troy.khan@example.com,CA,2023-10-01 21:13:24
159,Richard,Oliver,richard.oliver@hotmail.com,IN,2023-09-22 15:55:09
454,Gina,Garner,gina.garner@gmail.com,AU,2023-07-23 06:28:51
923,Sheena,Rosales,sheena.rosales@yahoo.com,US,2023-10-13 14:48:38
248,Matthew,Shelton,matthew.shelton@gmail.com,US,2023-07-02 11:53:18
794,Marcus,Fletcher,marcus.fletcher@gmail.com,CA,2023-02-20 17:52:00
960,Christopher,Dixon,christopher.dixon@outlook.com,US,2023-10-07 06:04:11
204,Christopher,Robertson,christopher.robertson@hotmail.com,FR,2023-01-28 00:08:00
850,Thomas,Bryant,thomas.bryant@outlook.com,US,2023-06-28 11:47:37
587,Jonathan,Murphy,jonathan.murphy@hotmail.com,US,2023-11-23 18:25:54
543,Robert,Davis,robert.davis@example.com,FR,2023-11-08 14:23:37
322,Heidi,Martinez,heidi.martinez@gmail.com,CA,2023-09-10 20:19:30
567,Matthew,Smith,matthew.smith@hotmail.com,US,2023-12-02 19:39:39
174,Tammy,Ramirez,tammy.ramirez@outlook.com,GB,2023-07-22 00:57:51
453,Joshua,Knight,joshua.knight@example.com,US,2023-12-06 21:49:35
855,Matthew,Clayton,matthew.clayton@yahoo.com,US,2023-12-13 09:14:15
939,Heather,Brown,heather.brown@gmail.com,US,2023-10-22 21:23:55
168,Monica,Garrison,monica.garrison@gmail.com,GB,2023-03-22 09:14:47
293,Nicole,Sanchez,nicole.sanchez@outlook.com,US,2023-02-23 15:23:59
309,Julie,Rivera,julie.rivera@hotmail.com,CA,2023-02-07 04:15:50
104,Richard,Brown,richard.brown@gmail.com,GB,2023-03-16 21:07:36
647,Tammy,Hale,tammy.hale@yahoo.com,US,2023-10-22 17:40:50
945,Christina,Robinson,christina.robinson@example.com,US,2023-01-09 12:56:52
992,Joseph,Wright,joseph.wrigth@example.com,US,2023-11-28 00:05:59
15,Melanie,Munoz,melanie.munoz@yahoo.com,IN,2023-08-23 10:13:41
807,Debra,Wang,debra.wang@outlook.com,AU,2023-01-03 04:30:59
993,Cynthia,Kelley,cynthiakelley@gmail.com,US,2023-07-11 02:16:45
977,Laura,Morgan,lauramorgan@example.com,GB,2023-11-19 09:22:20
615,Shane,Glass,shane.glass@gmail.com,US,2023-08-18 10:54:17
283,Melissa,Short,melissa.short@gmail.com,CA,2023-05-31 16:34:32
128,Yolanda,Ferrell,yolanda.ferrell@outlook.com,CA,2023-04-02 08:55:30
449,Timothy,Young,timothy.young@hotmail.com,US,2023-06-27 20:38:08
165,Leah,Shields,leah.shields@yahoo.com,US,2023-10-05 02:30:50
848,Vincent,Williams,vincent.williams@hotmail.com,US,2023-09-13 02:05:10
733,David,Richardson,david.richardson@yahoo.com,US,2023-08-03 11:14:56
561,Megan,Villegas,megan.villegas@gmail.com,IN,2023-12-05 06:52:25
235,Jasmine,Brown,jasmine.brown@outlook.com,CA,2023-03-18 21:51:22
126,Leslie,Walton,leslie.walton@example.com,US,2023-01-02 17:18:44
974,Reginald,Robinson,reginald.robnson@example.com,GB,2023-08-27 09:13:03
152,Mary,Aguilar,mary.aguilar@hotmail.com,US,2023-10-04 00:40:38
748,Tina,Gould,tina.gould@hotmail.com,,2023-01-26 21:19:38
684,Rebecca,Hernandez,rebecca.hernandez@yahoo.com,US,2023-10-02 05:06:26
390,Steven,Wilson,steven.wilson@yahoo.com,US,2023-05-09 06:59:56
780,Miguel,Lara,miguel.lara@outlook.com,IN,2023-01-29 04:28:10
268,Holly,Wang,holly.wang@yahoo.com,US,2023-12-15 14:49:18
417,Alicia,Bryant,alicia.bryant@gmail.com,AU,2023-10-25 00:26:08
189,Elizabeth,Rivera,elizabeth.rivera@gmail.com,US,2023-02-12 21:47:43
658,Jeremy,Taylor,jeremy.taylor@yahoo.com,CA,2023-11-03 04:39:27
720,Amy,Li,amy.li@yahoo.com,NL,2023-10-05 01:44:50
292,Mariah,Miller,mariah.miller@gmail.com,FR,2023-06-13 23:28:57
728,Zachary,Hays,zachary.hays@gmail.com,US,2023-06-18 08:08:10
125,Emily,Evans,emily.evans@gmail.com,IN,
427,Casey,Welch,casey.welch@gmail.com,CA,2023-06-26 10:36:54
557,Diane,Walker,diane.walker@example.com,US,2023-11-11 04:05:45
903,Jennifer,Garcia,jennifer.garcia@gmail.com,DE,2023-08-07 06:33:42
953,Sean,Padilla,sean.padilla@hotmail.com,IN,2023-02-01 10:56:26
809,Tyler,Burton,tyler.burton@gmail.com,DE,2023-12-13 19:41:33
572,Robert,Peterson,robert.peterson@outlook.com,US,2023-01-20 07:01:57
179,Sydney,Baker,sydney.baker@outlook.com,US,2023-08-22 23:03:58
282,William,Peterson,william.peterson@gmail.com,,2023-03-14 05:42:42
49,Wendy,Rice,wendy.rice@hotmail.com,US,2023-06-22 20:19:29
867,Maureen,Hernandez,maureen.hernandez@example.com,DE,2023-12-26 22:43:17
503,Michael,Sanders,michael.sanders@gmail.com,US,2023-09-27 14:01:07
11,Linda,Wolfe,linda.wolfe@hotmail.com,US,2023-03-30 21:41:04
314,Jacob,Robinson,jacob.robinson@example.com,GB,2023-02-05 13:32:58
899,Christina,Matthews,christina.matthews@hotmail.com,US,2023-10-01 06:41:31
741,Amy,Morris,amy.morris@gmail.com,US,2023-09-07 21:27:53
343,Aaron,Hayes,aaron.hayes@example.com,CA,2023-12-26 18:36:14
798,Andrea,Martinez,andrea.martinez@gmail.com,US,2023-12-14 08:12:00
882,Chelsea,Lee,chelsea.lee@hotmail.com,GB,2023-06-08 00:02:37
408,Ashley,Hall,ashley.hall@yahoo.com,CA,2023-11-13 14:34:41
730,Karen,Lee,karen.lee@gmail.com,US,2023-04-02 20:39:53
216,Daniel,Coleman,daniel.coleman@hotmail.com,US,2023-02-16 02:05:53
21,Janet,Williams,janet.williams@gmail.com,GB,2023-01-29 17:48:17
88,Lindsey,Lee,lindsey.lee@example.com,US,2023-12-15 05:47:55
246,Jeffrey,Robinson,jeffrey.robinson@hotmail.com,IN,2023-09-05 14:04:30
824,John,Grimes,john.grimes@hotmail.com,US,2023-12-16 10:22:13
759,Audrey,Moreno,audrey.moreno@gmail.com,US,2023-01-07 10:31:28
699,Jessica,Rose,jessica.rose@example.com,US,2023-10-31 10:23:52
951,John,Fischer,john.fischer@outlook.com,NL,2023-12-05 20:59:36
29,George,Daniel,george.daniel@example.com,US,2023-08-20 13:13:59
783,Yvonne,Higgins,yvonne.higgins@hotmail.com,DE,2023-07-16 15:13:37
504,James,Martinez,james.martinez@yahoo.com,US,2023-01-31 13:12:44
932,Christopher,Caldwell,christopher.caldwell@outlook.com,US,2023-11-07 21:23:09
734,Pamela,Paul,pamela.paul@yahoo.com,GB,2023-04-10 06:48:39
335,Alexandra,Hayes,alexandra.hayes@outlook.com,DE,2023-03-20 21:39:07
247,Ryan,Johnson,ryan.johnson@outlook.com,GB,2023-11-19 01:22:32
714,Cynthia,Zavala,cynthia.zavala@example.com,GB,2023-02-20 22:18:43
274,Susan,Sanders,susan.sanders@outlook.com,CA,2023-03-03 11:14:01
978,Steven,Wilson,steven.ilson@yahoo.com,US,2023-06-18 06:59:56
304,Travis,Mcguire,travis.mcguire@example.com,US,2023-11-23 14:13:39
836,Ryan,Khan,ryan.khan@outlook.com,US,2023-06-25 11:23:54
224,Jennifer,Wagner,jennifer.wagner@gmail.com,GB,2023-10-23 08:01:11
674,Stacey,Joyce,stacey.joyce@hotmail.com,IN,2023-12-12 22:26:18
617,Claudia,Lin,claudia.lin@example.com,FR,2023-01-05 04:36:37
264,Stefanie,Gonzalez,stefanie.gonzalez@example.com,US,2023-05-06 05:53:44
965,Amy,Levine,amy.levne@hotmail.com,US,2023-10-12 15:50:21
375,Shawn,Edwards,shawn.edwards@yahoo.com,US,2023-02-05 14:47:38
169,Jeffrey,Velasquez,jeffrey.velasquez@gmail.com,US,2023-01-21 22:55:06
847,James,Hicks,james.hicks@hotmail.com,CA,2023-12-28 05:40:51
469,Alyssa,Mcintyre,alyssa.mcintyre@yahoo.com,CA,2023-08-11 17:27:29
405,Andrea,Daniels,andrea.daniels@example.com,DE,2023-08-16 06:55:58
885,Kenneth,Roberts,kenneth.roberts@hotmail.com,GB,2023-10-26 03:08:31
594,Samantha,Atkins,samantha.atkins@outlook.com,US,2023-07-28 18:41:48
77,Samuel,Holmes,samuel.holmes@yahoo.com,GB,2023-04-18 00:19:18
255,Brent,Gray,brent.gray@hotmail.com,GB,2023-01-21 20:21:04
10,Lisa,Smith,lisa.smith@gmail.com,US,2023-07-27 11:10:23
520,Grant,Williams,grant.williams@gmail.com,FR,2023-11-08 15:24:07
366,Thomas,Pearson,thomas.pearson@yahoo.com,IN,2023-07-07 03:21:10
910,Rebecca,Davis,rebecca.davis@outlook.com,DE,2023-12-09 11:28:28
315,Todd,Hardy,todd.hardy@gmail.com,IN,2023-08-10 05:10:20
914,Nicole,Thompson,nicole.thompson@example.com,CA,2023-12-05 03:02:29
53,Joseph,Davidson,joseph.davidson@hotmail.com,GB,2023-12-21 16:00:42
935,Jose,Young,jose.young@gmail.com,US,2023-11-07 06:34:33
227,Thomas,Green,thomas.green@gmail.com,DE,2023-03-14 14:21:10
680,Morgan,Spencer,morgan.spencer@hotmail.com,US,2023-01-28 01:00:54
462,Courtney,Berger,courtney.berger@outlook.com,US,2023-01-08 16:47:33
221,Elizabeth,Travis,elizabeth.travis@yahoo.com,US,2023-07-28 03:22:54
277,Curtis,Barton,curtis.barton@outlook.com,US,2023-01-03 00:16:13
565,Joseph,White,joseph.white@outlook.com,US,2023-12-14 23:25:31
738,April,Owen,april.owen@hotmail.com,US,2023-08-25 11:32:51
517,Donna,Johnson,donna.johnson@yahoo.com,US,2023-01-18 19:38:46
506,Elizabeth,May,elizabeth.may@hotmail.com,US,2023-05-29 20:10:03
202,Thomas,Santana,thomas.santana@example.com,US,2023-03-28 07:21:49
103,Todd,Lewis,todd.lewis@gmail.com,FR,2023-10-25 00:15:12
525,Sonia,Williams,sonia.williams@example.com,US,2023-10-25 13:27:44
36,Jason,Hahn,jason.hahn@gmail.com,GB,2023-05-14 14:55:46
433,Brandon,Flynn,brandon.flynn@example.com,US,2023-11-05 22:46:05
668,Erica,Young,erica.young@hotmail.com,FR,2023-09-20 01:42:06
423,Melissa,Villarreal,melissa.villarreal@example.com,US,2023-05-26 12:05:23
982,Angela,Conner,angela.connerr@example.com,IN,2023-12-31 23:59:59
879,Matthew,Gomez,matthew.gomez@hotmail.com,US,2023-11-24 17:33:07
171,Laura,Perez,laura.perez@gmail.com,US,2023-05-05 07:33:26
918,Sara,Mcdowell,sara.mcdowell@example.com,FR,2023-01-21 09:02:46
396,Sandra,Romero,sandra.romero@yahoo.com,NL,2023-08-14 09:17:03
663,Katie,Anderson,katie.anderson@gmail.com,FR,2023-04-10 14:46:33
488,Kevin,Ortiz,kevin.ortiz@yahoo.com,US,2023-12-15 08:22:55
811,Timothy,Ballard,timothy.ballard@outlook.com,US,2023-11-30 16:18:12
83,Michele,Jones,michele.jones@example.com,US,2023-10-16 12:15:09
938,Alexander,Valdez,alexander.valdez@gmail.com,US,2023-11-20 08:03:29
166,Lisa,Adams,lisa.adams@hotmail.com,US,2023-10-21 02:54:21
219,John,Charles,john.charles@outlook.com,US,2023-10-25 13:55:58
142,Cynthia,Baker,cynthia.baker@gmail.com,IN,2023-11-20 08:01:05
233,Amber,Taylor,amber.taylor@gmail.com,US,2023-12-25 04:48:16
536,Alyssa,Chavez,alyssa.chavez@example.com,US,2023-02-25 03:57:36
240,Melissa,Cannon,melissa.cannon@yahoo.com,US,2023-06-03 12:55:19
865,Brandy,Jackson,brandy.jackson@yahoo.com,US,2023-08-13 07:10:45
528,Tamara,Brown,tamara.brown@outlook.com,GB,2023-11-21 21:41:04
328,Lynn,Morales,lynn.morales@outlook.com,US,2023-12-06 10:59:36
57,Vincent,White,vincent.white@gmail.com,US,2023-06-09 01:00:21
835,Amanda,Boone,amanda.boone@hotmail.com,US,2023-07-20 10:23:11
685,Samuel,Potts,samuel.potts@example.com,CA,2023-09-15 05:39:24
575,Christopher,Williams,christopher.williams@gmail.com,DE,2023-12-19 12:22:59
812,Gail,Evans,gail.evans@gmail.com,FR,2023-08-23 07:39:10
763,Paul,Hoffman,paul.hoffman@hotmail.com,IN,2023-07-12 09:31:35
45,Christopher,Williams,christopher.williams@outlook.com,CA,2023-11-06 01:32:05
62,Kimberly,Moreno,kimberly.moreno@yahoo.com,GB,2023-10-12 17:56:55
627,Angela,Conner,angela.conner@example.com,,2023-11-17 05:04:19
388,Andrea,Davis,andrea.davis@example.com,US,2023-12-27 00:48:01
862,Thomas,Coffey,thomas.coffey@example.com,FR,2023-11-12 09:30:34
928,Krystal,Bradley,krystal.bradley@example.com,NL,2023-08-08 02:17:49
492,Derek,Chavez,derek.chavez@example.com,US,2023-08-11 22:18:18
444,Eric,Alexander,eric.alexander@gmail.com,DE,2023-08-08 18:33:10
744,Ronald,Norris,ronald.norris@gmail.com,US,2023-02-09 17:04:36
837,Jessica,Gallagher,jessica.gallagher@outlook.com,US,2023-02-05 18:43:14
711,Alicia,Romero,alicia.romero@outlook.com,US,2023-09-23 07:17:25
13,Susan,Rogers,susan.rogers@hotmail.com,NL,2023-10-18 07:43:20
18,Nicholas,Arnold,nicholas.arnold@example.com,US,2023-03-05 16:31:05
99,Andrea,Williams,andrea.williams@example.com,CA,2023-01-21 13:08:55
568,Molly,Knight,molly.knight@yahoo.com,GB,2023-07-29 17:30:03
530,Gina,Henry,gina.henry@gmail.com,AU,2023-01-20 19:03:19
591,Martha,Drake,martha.drake@hotmail.com,US,2023-03-08 22:04:22
842,Joshua,Hays,joshua.hays@gmail.com,DE,2023-01-27 08:30:53
902,Brian,Gutierrez,brian.gutierrez@gmail.com,DE,2023-11-03 06:33:06
652,Maria,Rodgers,maria.rodgers@hotmail.com,US,2023-09-15 03:30:03
54,Daniel,Graham,daniel.graham@example.com,US,2023-10-31 04:16:07
269,Gary,Lawson,gary.lawson@outlook.com,CA,2023-06-06 06:51:38
683,Kathryn,Nelson,kathryn.nelson@hotmail.com,IN,2023-10-16 13:41:56
612,Diana,Thompson,diana.thompson@yahoo.com,US,2023-11-06 05:13:51
864,Becky,Griffith,becky.griffith@outlook.com,FR,
823,Patrick,Gilbert,patrick.gilbert@example.com,US,2023-11-08 09:05:25
805,Anthony,Williams,anthony.williams@outlook.com,FR,2023-12-04 06:32:25
371,Elizabeth,Hodge,elizabeth.hodge@outlook.com,US,2023-11-11 09:37:46
6,Jeffery,Wagner,jeffery.wagner@gmail.com,US,2023-01-28 11:38:16
771,Megan,Flores,megan.flores@example.com,GB,2023-11-05 14:10:11
161,Michelle,Cherry,michelle.cherry@hotmail.com,IN,2023-12-08 18:24:14
818,Theresa,Anderson,theresa.anderson@gmail.com,CA,2023-04-04 16:16:56
354,Kaitlyn,Carroll,kaitlyn.carroll@yahoo.com,US,2023-04-23 02:22:59
749,Charles,Walsh,charles.walsh@gmail.com,US,2023-12-13 12:52:42
173,Mark,Lin,mark.lin@outlook.com,GB,2023-03-30 18:09:14
267,Anne,Robinson,anne.robinson@yahoo.com,CA,2023-04-26 15:57:53
985,Lisa,Young,liisa.young@gmail.com,IN,2023-12-18 17:43:55
512,Molly,Murphy,molly.murphy@hotmail.com,US,2023-11-25 04:41:43
345,Jesse,Mann,jesse.mann@outlook.com,US,2023-10-02 18:44:07
124,John,Foster,john.foster@yahoo.com,DE,2023-03-19 16:38:18
346,Jacqueline,Gibson,jacqueline.gibson@yahoo.com,US,2023-04-05 13:44:13
237,Robert,Clark,robert.clark@gmail.com,IN,2023-09-19 12:45:40
633,Matthew,Klein,matthew.klein@hotmail.com,US,2023-11-09 23:53:44
300,Alejandro,Vaughan,alejandro.vaughan@gmail.com,US,
629,Lisa,Pearson,lisa.pearson@yahoo.com,IN,2023-02-02 07:02:29
600,Samantha,Davis,samantha.davis@example.com,DE,2023-11-09 21:18:19
51,Alexander,Le,alexander.le@gmail.com,US,2023-03-09 04:59:22
137,Elizabeth,Mcmillan,elizabeth.mcmillan@yahoo.com,AU,2023-11-21 18:42:51
139,Daniel,Tran,daniel.tran@yahoo.com,US,2023-02-10 19:47:52
172,Andrew,Lee,andrew.lee@example.com,GB,2023-02-06 02:39:55
560,Audrey,Aguirre,audrey.aguirre@yahoo.com,US,2023-01-26 04:07:00
961,Elizabeth,Robinson,elizabethrobinson@yahoo.com,IN,2023-06-01 16:58:08
313,Amanda,Gill,amanda.gill@hotmail.com,GB,2023-07-22 16:22:08
845,Laura,Morgan,laura.morgan@example.com,GB,2023-10-06 09:22:20
182,Catherine,Dixon,catherine.dixon@yahoo.com,GB,2023-12-21 01:19:50
431,Monique,Wallace,monique.wallace@example.com,US,2023-11-27 12:59:04
451,Victoria,Phillips,victoria.phillips@outlook.com,AU,2023-04-23 20:31:36
50,Tasha,Valencia,tasha.valencia@hotmail.com,AU,2023-12-01 14:39:36
22,Jeremy,Roberts,jeremy.roberts@hotmail.com,US,2023-06-15 00:46:56
407,Jacob,Terry,jacob.terry@outlook.com,IN,2023-10-23 06:25:58
768,Melissa,Hayes,melissa.hayes@example.com,IN,2023-08-21 04:23:25
772,Michael,Brown,michael.brown@example.com,AU,2023-10-31 04:47:46
872,Robert,Hampton,robert.hampton@outlook.com,DE,2023-03-05 00:31:13
196,Raven,Gilbert,raven.gilbert@outlook.com,GB,2023-12-09 01:44:23
705,Allen,Robertson,allen.robertson@outlook.com,US,2023-11-07 22:21:06
596,Jenna,Butler,jenna.butler@hotmail.com,US,2023-01-11 05:56:24
930,Melissa,Prince,melissa.prince@outlook.com,US,2023-02-12 19:41:01
970,Anthony,Day,anthonyday@example.com,GB,2023-02-05 14:28:33
272,Daniel,Johnson,daniel.johnson@yahoo.com,US,2023-12-05 13:05:58
445,Michael,Matthews,michael.matthews@outlook.com,US,2023-03-09 15:09:04
716,Kristina,Cooper,kristina.cooper@example.com,DE,2023-04-04 11:35:30
497,Tracy,Russell,tracy.russell@hotmail.com,GB,2023-05-03 20:50:56
200,Diana,Marshall,diana.marshall@yahoo.com,GB,2023-09-01 01:50:21
829,Kyle,Johnson,kyle.johnson@example.com,AU,2023-11-12 19:20:31
926,Stephen,Scott,stephen.scott@gmail.com,US,2023-06-23 04:48:08
827,Kathryn,Jimenez,kathryn.jimenez@yahoo.com,IN,2023-05-25 03:07:58
874,Jill,Brown,jill.brown@gmail.com,US,2023-11-05 01:17:49
273,Larry,Byrd,larry.byrd@yahoo.com,FR,2023-12-30 00:26:03
439,John,Durham,john.durham@hotmail.com,US,2023-10-21 04:47:24
383,Andrea,Pennington,andrea.pennington@outlook.com,US,2023-01-07 18:04:02
490,Kevin,Vasquez,kevin.vasquez@example.com,GB,2023-12-20 20:27:10
155,Laura,Valencia,laura.valencia@yahoo.com,CA,2023-10-17 22:17:26
849,Derrick,Cook,derrick.cook@hotmail.com,US,2023-04-10 22:17:38
205,Cynthia,Rogers,cynthia.rogers@hotmail.com,FR,2023-03-11 00:11:16
998,Christina,Matthews,christinamatthews@hotmail.com,US,2023-10-17 06:41:31
430,Corey,Schultz,corey.schultz@example.com,CA,2023-01-30 10:01:13
493,Ellen,Paul,ellen.paul@example.com,US,2023-12-29 21:52:06
60,Chelsea,Hernandez,chelsea.hernandez@example.com,,2023-05-18 04:27:08
420,Terrance,Costa,terrance.costa@gmail.com,US,2023-08-01 00:33:46
387,Eric,Pierce,eric.pierce@example.com,US,2023-12-04 05:34:25
814,Scott,Washington,scott.washington@outlook.com,US,2023-06-19 06:33:00
784,Alicia,Hammond,alicia.hammond@yahoo.com,GB,2023-06-08 01:08:36
28,Deborah,Lynch,deborah.lynch@gmail.com,NL,2023-08-05 04:42:30
177,Sheila,Wilson,sheila.wilson@hotmail.com,US,2023-05-16 03:15:24
844,Theresa,Long,theresa.long@hotmail.com,US,2023-06-12 21:38:12
593,Bobby,Smith,bobby.smith@outlook.com,AU,2023-12-16 12:22:34
108,Susan,Cowan,susan.cowan@gmail.com,GB,2023-11-08 03:44:49
975,Brian,Decker,brain.decker@hotmail.com,IN,2023-02-08 09:19:17
760,Raymond,Banks,raymond.banks@hotmail.com,GB,2023-04-19 04:36:36
372,Mark,Steele,mark.steele@example.com,US,2023-10-23 07:03:42
226,Phyllis,Manning,phyllis.manning@yahoo.com,CA,2023-06-05 23:40:01
697,Christian,Scott,christian.scott@gmail.com,US,2023-06-18 17:00:52
964,Dale,Nolan,dale.nnolan@outlook.com,GB,2023-04-03 15:37:35
197,Kevin,Kelley,kevin.kelley@yahoo.com,US,2023-12-28 11:06:43
395,Andrea,Reyes,andrea.reyes@example.com,GB,2023-10-11 07:19:56
792,Brian,Martinez,brian.martinez@example.com,GB,2023-11-20 03:11:30
386,Chelsea,Allen,chelsea.allen@outlook.com,US,2023-12-15 12:24:05
254,Derek,Murray,derek.murray@example.com,GB,2023-05-30 09:24:26
429,Julie,Hamilton,julie.hamilton@example.com,CA,2023-01-03 21:59:17
79,Matthew,Chapman,matthew.chapman@outlook.com,GB,2023-08-26 23:10:42
987,Jacqueline,Farrell,jacqueline.farrel@outlook.com,US,2023-12-31 23:59:59
305,Christopher,Walker,christopher.walker@hotmail.com,DE,2023-12-07 03:08:54
75,James,Collins,james.collins@gmail.com,DE,2023-04-10 21:26:20
44,Whitney,Hicks,whitney.hicks@example.com,DE,2023-01-11 01:03:37
753,Kimberly,Johnson,kimberly.johnson@gmail.com,US,2023-09-18 17:05:19
933,Jack,Taylor,jack.taylor@gmail.com,US,2023-01-31 19:59:09
931,Margaret,Robertson,margaret.robertson@hotmail.com,US,2023-05-27 14:39:09
271,Lori,Oconnell,lori.oconnell@gmail.com,DE,2023-08-04 09:05:48
410,Julie,Thornton,julie.thornton@outlook.com,DE,2023-04-07 11:20:26
626,William,Ford,william.ford@gmail.com,US,2023-02-27 13:47:31
485,Anna,Herman,anna.herman@hotmail.com,US,2023-07-24 15:35:32
775,Sara,Little,sara.little@hotmail.com,US,2023-12-29 01:02:41
762,Jill,Porter,jill.porter@yahoo.com,DE,2023-10-09 11:08:43
401,Justin,Evans,justin.evans@outlook.com,IN,2023-08-31 13:35:33
694,Maria,Horton,maria.horton@outlook.com,US,2023-04-09 01:32:14
553,Karen,Parrish,karen.parrish@outlook.com,US,2023-01-07 04:49:49
601,Megan,Sanchez,megan.sanchez@yahoo.com,US,2023-05-18 15:09:03
190,Lee,Charles,lee.charles@hotmail.com,GB,2023-11-12 03:43:14
229,Katie,Boyd,katie.boyd@gmail.com,US,2023-11-02 21:05:17
338,Christine,Lynch,christine.lynch@yahoo.com,,2023-11-17 14:09:38
78,David,Walker,david.walker@yahoo.com,US,2023-09-21 10:29:28
604,Matthew,Cook,matthew.cook@outlook.com,IN,2023-04-13 15:31:57
303,Hannah,Brewer,hannah.brewer@yahoo.com,AU,2023-01-06 15:33:24
800,Wayne,Jackson,wayne.jackson@hotmail.com,US,2023-01-14 20:37:16
672,Lindsey,Harrison,lindsey.harrison@yahoo.com,US,2023-12-17 23:39:07
895,Scott,Scott,scott.scott@yahoo.com,GB,2023-04-21 10:07:06
380,Jacob,Cox,jacob.cox@example.com,US,2023-10-23 18:31:05
544,Ronald,Ortega,ronald.ortega@outlook.com,NL,2023-11-24 17:48:50
132,Mike,Moore,mike.moore@example.com,US,2023-12-10 18:27:19
440,Douglas,Murray,douglas.murray@hotmail.com,US,2023-01-31 09:28:23
651,Lisa,Santiago,lisa.santiago@yahoo.com,US,2023-11-10 13:50:56
144,Meghan,Davis,meghan.davis@hotmail.com,GB,2023-11-06 15:33:41
665,Marie,Wise,marie.wise@outlook.com,US,2023-02-26 12:01:14
659,Chris,Richard,chris.richard@outlook.com,US,2023-12-13 00:02:34
130,Joseph,Mahoney,joseph.mahoney@gmail.com,US,2023-11-10 02:15:07
576,Eric,Williamson,eric.williamson@yahoo.com,US,2023-09-26 23:44:22
502,Amy,Levine,amy.levine@hotmail.com,US,2023-09-19 15:50:21
555,Caroline,Bell,caroline.bell@gmail.com,CA,2023-12-07 14:19:29
40,Joseph,Wright,joseph.wright@example.com,US,2023-10-18 00:05:59
259,Johnny,Miller,johnny.miller@gmail.com,US,2023-05-26 10:52:08
65,Natasha,Decker,natasha.decker@outlook.com,FR,2023-12-26 07:17:10
43,Reginald,Robinson,reginald.robinson@example.com,GB,2023-07-07 09:13:03
249,Richard,Martin,richard.martin@gmail.com,GB,2023-12-03 19:38:32
831,Tammy,Lewis,tammy.lewis@yahoo.com,DE,2023-02-17 13:30:34
14,Christopher,Davis,christopher.davis@gmail.com,US,2023-01-11 12:17:04
552,Michael,Ortega,michael.ortega@hotmail.com,AU,2023-05-27 23:20:20
821,Joseph,Wright,joseph.wright@example.com,IN,2023-07-09 02:24:40
415,Brittany,Kane,brittany.kane@outlook.com,US,2023-11-06 04:46:34
150,Charles,Ware,charles.ware@example.com,CA,2023-01-17 11:39:48
337,Veronica,Torres,veronica.torres@yahoo.com,US,2023-08-17 01:02:02
27,Joseph,Zuniga,joseph.zuniga@yahoo.com,IN,2023-12-03 23:31:52
781,Andrea,Salazar,andrea.salazar@yahoo.com,US,2023-10-07 04:11:10
580,Kari,Wilson,kari.wilson@example.com,CA,2023-04-20 06:51:08
297,Jason,Salinas,jason.salinas@outlook.com,US,2023-12-12 19:27:17
542,Matthew,Chavez,matthew.chavez@hotmail.com,,2023-08-01 11:12:18
894,Jennifer,Reed,jennifer.reed@example.com,FR,2023-02-22 15:49:35
698,Mary,Dunn,mary.dunn@gmail.com,FR,2023-12-21 09:56:32
745,Michael,Williams,michael.williams@yahoo.com,IN,2023-06-15 20:25:27
590,Jane,Mason,jane.mason@hotmail.com,NL,2023-02-03 22:42:40
700,Daniel,Roberts,daniel.roberts@gmail.com,FR,2023-11-11 17:49:39
710,Theresa,Jones,theresa.jones@yahoo.com,US,2023-10-20 10:32:56
156,Rachel,Clark,rachel.clark@outlook.com,NL,2023-03-18 04:24:12
840,Angela,Jones,angela.jones@yahoo.com,US,
306,Heather,Torres,heather.torres@gmail.com,CA,2023-12-15 02:51:43
670,Kaitlyn,Cole,kaitlyn.cole@hotmail.com,CA,2023-02-23 21:40:00
356,Haley,Lyons,haley.lyons@hotmail.com,AU,2023-10-05 03:39:47
19,Maria,Montgomery,maria.montgomery@gmail.com,IN,2023-02-06 21:27:38
86,Selena,Duncan,selena.duncan@yahoo.com,IN,2023-02-05 14:42:33
149,Ronald,Smith,ronald.smith@hotmail.com,US,2023-11-28 16:52:00
599,Christine,Collier,christine.collier@outlook.com,US,2023-01-07 06:26:44
362,Mary,Johnston,mary.johnston@gmail.com,IN,2023-02-27 05:59:58
432,Heather,Berger,heather.berger@hotmail.com,US,2023-03-27 12:43:57
881,Dawn,Steele,dawn.steele@yahoo.com,NL,
518,Alexis,Tyler,alexis.tyler@example.com,US,2023-12-01 21:56:19
889,Joshua,Martinez,joshua.martinez@outlook.com,US,2023-02-12 10:46:29
481,Emily,Richards,emily.richards@outlook.com,GB,2023-12-31 00:31:08
566,Jacqueline,Parker,jacqueline.parker@gmail.com,US,2023-06-12 06:58:11
352,Margaret,Jones,margaret.jones@outlook.com,US,2023-05-30 23:17:18
623,Brian,Decker,brian.decker@hotmail.com,IN,2023-01-27 09:19:17
994,Amy,Adkins,amyy.adkins@outlook.com,DE,2023-07-02 16:41:17
976,Kimberly,Johnson,kimberly.johnson@gamil.com,US,2023-11-08 17:05:19
484,Angel,Henson,angel.henson@gmail.com,FR,2023-03-02 08:14:34
252,Phillip,Elliott,phillip.elliott@example.com,US,2023-01-04 10:45:05
91,Jessica,Nunez,jessica.nunez@yahoo.com,US,2023-04-18 02:08:09
719,Marvin,Williams,marvin.williams@gmail.com,US,2023-01-02 06:17:48
708,John,Butler,john.butler@example.com,DE,2023-08-14 18:30:59
287,Jessica,Sheppard,jessica.sheppard@example.com,US,2023-10-27 21:29:44
146,Adam,Wise,adam.wise@outlook.com,AU,2023-07-14 10:20:42
82,Jeremy,Whitehead,jeremy.whitehead@yahoo.com,NL,2023-09-25 02:29:26
661,Mary,Stephenson,mary.stephenson@example.com,US,2023-10-21 23:15:14
690,Nicholas,Johnson,nicholas.johnson@example.com,CA,2023-10-04 13:42:46
378,Vanessa,Sandoval,vanessa.sandoval@example.com,DE,2023-01-19 03:03:53
830,Sierra,Wagner,sierra.wagner@example.com,IN,2023-07-25 16:17:25
838,Michael,Morales,michael.morales@gmail.com,DE,2023-11-18 13:54:24
35,Leslie,Adams,leslie.adams@example.com,GB,2023-03-16 13:12:06
376,Marcus,Cordova,marcus.cordova@hotmail.com,US,2023-08-16 17:51:42
421,Matthew,Schwartz,matthew.schwartz@hotmail.com,CA,2023-04-17 22:43:27
276,Hannah,Burton,hannah.burton@yahoo.com,US,2023-12-16 22:53:08
514,Aaron,Garrison,aaron.garrison@hotmail.com,DE,2023-09-05 13:39:43
243,Melissa,Ashley,melissa.ashley@yahoo.com,US,2023-02-07 05:38:09
511,Jamie,Robinson,jamie.robinson@outlook.com,US,2023-11-04 10:23:56
8,Debra,Gardner,debra.gardner@hotmail.com,FR,2023-09-28 11:36:12
551,Mark,Martinez,mark.martinez@gmail.com,US,2023-12-08 09:16:54
191,Jennifer,Evans,jennifer.evans@outlook.com,US,2023-12-18 10:58:39
232,Joseph,Flores,joseph.flores@outlook.com,CA,2023-04-08 12:38:03
364,Emily,Adams,emily.adams@hotmail.com,IN,2023-01-19 19:06:59
573,Mitchell,Griffith,mitchell.griffith@hotmail.com,US,2023-12-17 11:49:37
461,Donna,Massey,donna.massey@gmail.com,CA,2023-10-21 12:48:21
435,Dustin,Schmidt,dustin.schmidt@gmail.com,US,2023-11-20 12:49:20
522,Julie,Alvarez,julie.alvarez@hotmail.com,US,2023-12-19 13:23:34
466,Kenneth,Burgess,kenneth.burgess@hotmail.com,US,2023-11-17 15:22:30
972,Brittany,Kane,brittany.kane@outlookk.com,US,2023-11-16 04:46:34
436,Ashlee,Sparks,ashlee.sparks@gmail.com,GB,2023-11-15 15:14:22
712,Vanessa,Spencer,vanessa.spencer@hotmail.com,NL,
426,Monique,Johnson,monique.johnson@outlook.com,US,2023-07-21 00:44:10
141,Jennifer,Harris,jennifer.harris@outlook.com,AU,2023-07-16 14:05:38
87,Thomas,Mueller,thomas.mueller@example.com,GB,2023-12-29 14:39:52
908,James,Maynard,james.maynard@hotmail.com,CA,2023-12-28 11:26:48
448,James,Cruz,james.cruz@yahoo.com,US,2023-12-11 19:24:51
646,Donald,Bailey,donald.bailey@outlook.com,US,2023-11-19 22:36:52
860,Laura,Swanson,laura.swanson@example.com,US,2023-05-18 07:51:05
17,Amanda,Dudley,amanda.dudley@yahoo.com,DE,2023-08-24 18:27:57
74,Amber,Blair,amber.blair@yahoo.com,US,2023-01-22 10:39:20
944,Sabrina,Phillips,sabrina.phillips@yahoo.com,US,2023-10-12 20:19:15
138,Dennis,Wilson,dennis.wilson@yahoo.com,US,
129,Charles,Lewis,charles.lewis@gmail.com,FR,2023-06-03 18:40:43
296,Melissa,White,melissa.white@hotmail.com,US,2023-10-06 22:28:22
973,Michael,Everett,michaell.everett@outlook.com,CA,2023-06-20 22:33:27
428,Samantha,Bright,samantha.bright@gmail.com,IN,2023-12-08 06:57:55
369,Travis,Davis,travis.davis@outlook.com,FR,2023-08-03 12:42:06
709,Elizabeth,Miller,elizabeth.miller@example.com,FR,2023-12-23 18:11:46
640,Kristina,Holland,kristina.holland@example.com,US,2023-01-17 21:53:53
193,Richard,Phillips,richard.phillips@outlook.com,US,2023-01-02 09:31:07
991,Darlene,Ray,daarlene.ray@hotmail.com,FR,2023-10-06 22:03:10
691,Sarah,Combs,sarah.combs@yahoo.com,CA,2023-10-21 12:09:53
649,Sharon,Collins,sharon.collins@example.com,US,2023-01-05 23:16:46
217,Gregory,Rubio,gregory.rubio@gmail.com,US,2023-01-24 11:51:08
559,Michael,Farmer,michael.farmer@yahoo.com,US,2023-06-15 17:47:35
644,Rebecca,Marks,rebecca.marks@example.com,DE,2023-12-26 19:25:42
391,Marilyn,Jimenez,marilyn.jimenez@gmail.com,US,2023-10-20 00:15:13
635,John,Kim,john.kim@yahoo.com,GB,2023-10-09 20:26:32
392,Jennifer,Hicks,jennifer.hicks@gmail.com,US,2023-01-20 21:45:55
326,Jack,Williams,jack.williams@hotmail.com,CA,2023-01-08 14:07:17
404,Amanda,Reed,amanda.reed@outlook.com,GB,2023-09-28 02:12:51
443,Rachel,Byrd,rachel.byrd@example.com,FR,2023-12-01 09:26:24
241,Omar,Smith,omar.smith@hotmail.com,US,2023-11-03 16:40:07
873,Samantha,Salas,samantha.salas@hotmail.com,US,2023-11-16 11:29:44
940,David,Parker,david.parker@gmail.com,US,2023-12-21 12:14:24
113,Brian,Silva,brian.silva@example.com,FR,2023-08-16 14:27:52
368,Brenda,Walters,brenda.walters@hotmail.com,CA,2023-11-06 19:54:40
767,Travis,Martinez,travis.martinez@example.com,US,2023-09-30 01:35:16
622,Lance,Hayes,lance.hayes@outlook.com,IN,2023-04-08 01:47:30
55,Shawn,Mckay,shawn.mckay@gmail.com,DE,2023-02-10 19:13:45
896,Timothy,Harris,timothy.harris@example.com,GB,2023-01-31 04:11:55
379,Amy,Gutierrez,amy.gutierrez@example.com,IN,2023-02-18 04:10:20
64,Andrew,Hickman,andrew.hickman@yahoo.com,IN,2023-01-24 10:50:59
302,Tracy,Chang,tracy.chang@gmail.com,GB,2023-08-13 10:41:17
681,Curtis,Singleton,curtis.singleton@yahoo.com,GB,2023-02-12 14:39:17
414,Benjamin,Shaw,benjamin.shaw@hotmail.com,DE,2023-07-24 20:47:31
523,Kimberly,Palmer,kimberly.palmer@yahoo.com,DE,2023-12-25 02:01:37
9,Jeffrey,Lawrence,jeffrey.lawrence@gmail.com,US,2023-03-10 02:54:14
597,Darius,Smith,darius.smith@yahoo.com,DE,2023-08-29 02:21:38
92,Tracey,Garcia,tracey.garcia@yahoo.com,US,2023-02-07 02:26:26
353,Gabriel,Parker,gabriel.parker@gmail.com,GB,2023-08-29 12:52:22
654,Debbie,Henderson,debbie.henderson@outlook.com,CA,2023-06-28 04:08:12
312,James,Wilson,james.wilson@outlook.com,CA,2023-11-27 18:04:08
584,Randall,Greene,randall.greene@gmail.com,US,2023-04-06 23:27:50
892,Stephanie,Ballard,stephanie.ballard@gmail.com,FR,2023-07-24 05:56:01
989,Amanda,Fitzpatrick,amanda.ffitzpatrick@gmail.com,US,2023-07-12 01:36:41
813,Charles,Brown,charles.brown@gmail.com,US,2023-10-06 02:17:49
201,Scott,Lewis,scott.lewis@yahoo.com,NL,2023-11-07 02:53:48
458,Catherine,Gomez,catherine.gomez@example.com,AU,2023-12-14 17:02:50
789,Kimberly,Bowman,kimberly.bowman@outlook.com,GB,2023-11-27 05:39:42
400,William,Hoover,william.hoover@example.com,CA,2023-11-10 22:09:51
299,Jacqueline,Hill,jacqueline.hill@yahoo.com,AU,2023-02-20 21:50:28
545,Nicholas,Hernandez,nicholas.hernandez@yahoo.com,US,2023-12-01 07:34:22
464,Scott,Riley,scott.riley@example.com,DE,2023-02-01 15:06:18
773,Amber,Vance,amber.vance@outlook.com,AU,2023-01-25 15:14:04
151,Rebecca,Gardner,rebecca.gardner@outlook.com,GB,2023-11-07 08:35:08
1,Danielle,Johnson,danielle.johnson@gmail.com,US,2023-03-08 04:47:06
595,Barbara,Berry,barbara.berry@yahoo.com,US,2023-01-28 01:18:01
143,Tracy,Whitehead,tracy.whitehead@yahoo.com,AU,2023-11-19 18:01:48
223,Patricia,Salazar,patricia.salazar@example.com,NL,2023-11-20 21:41:35
93,Richard,Morgan,richard.morgan@hotmail.com,CA,2023-06-07 13:24:57
63,Aaron,Nguyen,aaron.nguyen@outlook.com,NL,2023-11-30 07:55:10
507,Carla,Smith,carla.smith@outlook.com,GB,2023-11-25 07:27:41
820,Luis,Owens,luis.owens@outlook.com,DE,2023-11-25 14:43:29
389,Victoria,Durham,victoria.durham@hotmail.com,CA,
971,Monica,Harvey,monica.harvey@gmai.com,FR,2023-04-24 22:04:05
112,Amy,Adkins,amy.adkins@outlook.com,,2023-06-24 16:41:17
613,Kendra,Snyder,kendra.snyder@yahoo.com,US,2023-06-22 13:12:52
72,Joseph,Brennan,joseph.brennan@outlook.com,IN,2023-02-02 22:27:00
678,Laurie,Taylor,laurie.taylor@gmail.com,IN,2023-10-15 09:16:29
858,Micheal,Nunez,micheal.nunez@hotmail.com,CA,2023-02-23 17:11:37
181,Jessica,Edwards,jessica.edwards@yahoo.com,GB,2023-05-21 06:39:16
456,Tyler,Strong,tyler.strong@yahoo.com,GB,2023-03-22 04:45:27
713,Peter,Harrison,peter.harrison@example.com,,2023-10-28 10:45:47
887,Logan,Bailey,logan.bailey@outlook.com,DE,2023-01-13 11:46:08
676,Patrick,Rose,patrick.rose@hotmail.com,US,2023-01-03 03:53:36
475,Tammy,Dalton,tammy.dalton@hotmail.com,GB,2023-09-19 03:22:22
732,Michelle,Rivera,michelle.rivera@hotmail.com,CA,2023-12-17 02:50:32
995,Debbie,Parker,debbie.aprker@example.com,GB,2023-10-01 11:25:29
859,Tina,Silva,tina.silva@example.com,CA,2023-11-29 18:27:33
499,Mitchell,Ramos,mitchell.ramos@hotmail.com,GB,2023-12-28 23:05:46
755,Michael,Reyes,michael.reyes@example.com,US,2023-02-20 08:12:07
80,Jerry,Robinson,jerry.robinson@gmail.com,US,2023-10-20 10:05:52
178,Tara,White,tara.white@example.com,US,2023-04-23 09:01:53
242,Michael,Molina,michael.molina@example.com,CA,2023-12-12 11:46:52
558,Daniel,Bruce,daniel.bruce@yahoo.com,AU,2023-06-02 21:19:16
351,Deborah,Kerr,deborah.kerr@yahoo.com,AU,2023-12-25 09:45:13
581,Russell,Campbell,russell.campbell@hotmail.com,DE,2023-12-28 10:03:01
446,Danielle,Coleman,danielle.coleman@yahoo.com,US,2023-06-16 02:23:16
442,Albert,Ballard,albert.ballard@example.com,US,2023-01-12 17:05:38
606,Daniel,Hicks,daniel.hicks@hotmail.com,US,2023-01-15 14:16:14
884,Jeffrey,Dudley,jeffrey.dudley@outlook.com,US,2023-09-30 20:03:03
947,Julie,Obrien,julie.obrien@outlook.com,GB,2023-01-13 16:43:39
877,Alicia,Edwards,alicia.edwards@yahoo.com,DE,2023-01-15 23:49:06
394,Tina,Sanchez,tina.sanchez@gmail.com,US,2023-12-08 23:36:20
907,Natalie,Woods,natalie.woods@hotmail.com,GB,2023-08-20 14:59:22
163,Angel,Doyle,angel.doyle@yahoo.com,CA,2023-01-17 18:21:55
562,Loretta,Austin,loretta.austin@hotmail.com,GB,2023-12-03 18:37:16
250,Tanner,Anderson,tanner.anderson@outlook.com,CA,2023-08-26 23:57:02
636,Scott,Mills,scott.mills@gmail.com,IN,2023-12-22 00:30:58
245,Amy,Morrison,amy.morrison@example.com,US,2023-12-19 20:40:39
852,Mark,Austin,mark.austin@yahoo.com,GB,2023-12-23 23:05:13
605,Gary,Dixon,gary.dixon@hotmail.com,US,2023-08-06 11:56:24
411,Lisa,Hughes,lisa.hughes@gmail.com,CA,2023-03-05 00:16:35
721,Gregory,Maxwell,gregory.maxwell@hotmail.com,US,2023-08-12 14:06:39
779,Anthony,Spencer,anthony.spencer@yahoo.com,CA,2023-05-28 11:31:50
843,Erin,Wilson,erin.wilson@gmail.com,US,2023-04-12 11:35:35
752,Douglas,Lawson,douglas.lawson@hotmail.com,AU,2023-01-28 17:09:07
666,Lisa,Martin,lisa.martin@yahoo.com,DE,2023-02-24 00:37:32
570,Cynthia,Johnson,cynthia.johnson@example.com,US,2023-12-18 00:24:50
334,Krystal,Perez,krystal.perez@example.com,CA,2023-05-10 02:24:32
110,Eric,Phillips,eric.phillips@hotmail.com,CA,2023-10-03 16:41:21
416,Morgan,Alexander,morgan.alexander@outlook.com,US,2023-12-21 01:33:02
796,Patty,Singleton,patty.singleton@yahoo.com,AU,2023-07-25 12:22:37
521,Judy,Fox,judy.fox@yahoo.com,CA,2023-09-17 00:23:59
131,Nicole,Suarez,nicole.suarez@example.com,DE,2023-09-26 19:14:49
986,Brenda,Hoffman,brenda.hoffman@gmai.com,CA,2023-11-02 02:37:36
619,Carlos,Ramos,carlos.ramos@gmail.com,FR,2023-12-29 11:56:26
357,Sherri,Mason,sherri.mason@example.com,US,2023-01-29 16:14:40
290,Ryan,Simon,ryan.simon@hotmail.com,CA,2023-12-18 15:16:02
175,Darlene,Ross,darlene.ross@outlook.com,IN,2023-10-06 02:28:22
473,Matthew,Wilson,matthew.wilson@gmail.com,GB,2023-11-18 05:23:20
913,Robin,Thompson,robin.thompson@hotmail.com,US,2023-11-23 08:58:35
360,Marcus,Wright,marcus.wright@outlook.com,CA,2023-02-10 10:18:41
116,Christopher,Lopez,christopher.lopez@gmail.com,CA,2023-04-16 06:22:51
487,Madison,Blankenship,madison.blankenship@gmail.com,DE,2023-06-07 13:06:47
67,Natalie,Arroyo,natalie.arroyo@outlook.com,US,
31,Veronica,Bowman,veronica.bowman@hotmail.com,US,2023-08-04 07:14:04
500,Stephanie,Foley,stephanie.foley@outlook.com,GB,2023-10-28 02:50:34
465,Jessica,Davis,jessica.davis@outlook.com,AU,2023-01-27 23:09:22
333,Kathy,Obrien,kathy.obrien@hotmail.com,DE,2023-11-12 01:25:03
917,Sharon,Hayden,sharon.hayden@gmail.com,DE,2023-11-06 15:52:57
682,Melissa,Mitchell,melissa.mitchell@gmail.com,US,2023-05-04 12:25:29
188,Michael,Jones,michael.jones@outlook.com,AU,2023-11-12 02:50:25
735,Patricia,Hughes,patricia.hughes@example.com,CA,2023-08-25 20:00:07
373,Keith,Landry,keith.landry@gmail.com,CA,2023-02-22 16:59:57
265,Andrew,Hernandez,andrew.hernandez@example.com,FR,2023-02-15 01:26:23
968,Alyssa,Mcintyre,alyssa.mcintyre@yahooo.com,CA,2023-08-27 17:27:29
148,Joyce,Arnold,joyce.arnold@outlook.com,FR,2023-08-15 02:20:16
230,Courtney,Hill,courtney.hill@outlook.com,GB,2023-07-15 13:17:13
238,Robert,Stein,robert.stein@outlook.com,US,2023-06-11 05:51:39
482,Lynn,Bentley,lynn.bentley@yahoo.com,FR,2023-12-17 20:31:26
718,Kelsey,Moss,kelsey.moss@example.com,US,2023-11-26 00:33:06
660,Craig,Wise,craig.wise@yahoo.com,DE,2023-12-29 10:48:53
701,Kevin,Williams,kevin.williams@example.com,CA,2023-10-23 14:07:06
822,Colin,Roberts,colin.roberts@yahoo.com,GB,2023-03-11 13:22:33
467,Gregory,Anderson,gregory.anderson@gmail.com,US,2023-10-11 02:19:02
100,Yvette,Huff,yvette.huff@outlook.com,US,2023-03-11 06:29:20
480,Shawn,Chambers,shawn.chambers@yahoo.com,CA,2023-07-05 05:20:53
96,Robert,Ramirez,robert.ramirez@example.com,FR,2023-12-16 07:17:27
135,Destiny,Smith,destiny.smith@yahoo.com,US,2023-07-20 15:18:02
582,Erika,Tucker,erika.tucker@yahoo.com,GB,2023-12-25 03:54:33
962,Ashley,Andrews,ashley.andrews@hotmal.com,US,2023-12-24 15:20:11
81,Chad,Welch,chad.welch@yahoo.com,GB,2023-03-07 04:01:02
547,Marie,Davis,marie.davis@hotmail.com,US,2023-08-08 13:31:03
687,Michael,Johnson,michael.johnson@outlook.com,AU,2023-01-14 14:02:04
203,Laura,Jackson,laura.jackson@yahoo.com,FR,2023-09-09 04:08:34
341,Donna,Moore,donna.moore@example.com,US,2023-11-12 10:43:07
787,Shannon,Frazier,shannon.frazier@gmail.com,IN,2023-11-27 09:05:13
365,Billy,Avila,billy.avila@hotmail.com,US,2023-12-18 16:31:56
632,Dale,Nolan,dale.nolan@outlook.com,GB,2023-02-28 15:37:35
457,Justin,Lindsey,justin.lindsey@outlook.com,US,2023-12-16 18:25:34
717,Jessica,Fuller,jessica.fuller@example.com,GB,2023-10-14 21:47:57
941,Richard,Shaw,richard.shaw@example.com,NL,2023-01-11 15:55:38
645,Mathew,Aguilar,mathew.aguilar@hotmail.com,,2023-11-21 15:18:16
607,Rebecca,Bailey,rebecca.bailey@hotmail.com,CA,2023-02-23 21:06:05
611,Carrie,Wolf,carrie.wolf@gmail.com,CA,2023-12-26 18:43:39
757,Erika,Rush,erika.rush@example.com,US,2023-10-09 03:12:46
184,Jonathan,Fletcher,jonathan.fletcher@hotmail.com,DE,2023-02-05 17:56:23
402,Brenda,Duarte,brenda.duarte@yahoo.com,US,2023-03-11 20:05:59
437,George,Miller,george.miller@example.com,AU,2023-06-22 18:42:24
851,Catherine,Robertson,catherine.robertson@example.com,AU,2023-06-06 00:08:46
56,Nancy,Baker,nancy.baker@hotmail.com,US,2023-09-09 16:31:16
393,Joshua,Davenport,joshua.davenport@gmail.com,US,2023-01-15 07:34:13
109,Angela,Higgins,angela.higgins@hotmail.com,IN,2023-09-04 18:50:02
746,Molly,Gomez,molly.gomez@hotmail.com,US,2023-10-18 00:41:46
692,Debra,Moody,debra.moody@example.com,IN,2023-09-01 20:59:10
483,Daniel,Hall,daniel.hall@outlook.com,US,
921,Justin,Hays,justin.hays@example.com,AU,2023-09-21 12:03:19
134,Cheryl,Archer,cheryl.archer@yahoo.com,US,2023-01-08 05:35:04
52,Erin,Herrera,erin.herrera@gmail.com,IN,2023-05-06 14:53:34
898,Heather,Taylor,heather.taylor@outlook.com,GB,2023-08-23 18:16:03
554,Jennifer,Schmitt,jennifer.schmitt@example.com,US,2023-01-15 14:20:26
915,Samantha,Osborn,samantha.osborn@hotmail.com,US,2023-03-29 18:15:14
628,Paula,Cole,paula.cole@example.com,US,2023-11-17 18:01:11
839,Ashley,Lee,ashley.lee@yahoo.com,US,2023-12-05 15:51:00
73,Rodney,Lewis,rodney.lewis@example.com,AU,2023-08-24 23:47:42
176,Tina,Herrera,tina.herrera@example.com,US,2023-12-23 08:29:54
251,Cindy,Johnson,cindy.johnson@outlook.com,IN,2023-09-07 10:38:30
588,Adrian,Burgess,adrian.burgess@example.com,US,2023-09-30 19:14:40
291,Joseph,Christian,joseph.christian@yahoo.com,US,2023-12-02 20:21:17
722,Steven,Dominguez,steven.dominguez@example.com,IN,2023-11-18 12:15:32
145,Rodney,Hill,rodney.hill@outlook.com,IN,2023-02-19 13:40:52
278,Melissa,Burke,melissa.burke@yahoo.com,CA,2023-11-17 13:07:49
778,Dominic,Tyler,dominic.tyler@example.com,GB,2023-11-17 08:24:58
563,Dawn,Johnson,dawn.johnson@gmail.com,US,2023-01-29 20:28:51
949,Thomas,Medina,thomas.medina@hotmail.com,US,2023-02-21 04:37:34
556,Becky,Lewis,becky.lewis@hotmail.com,IN,2023-01-26 21:19:52
212,James,Horton,james.horton@hotmail.com,US,2023-09-10 14:32:38
105,Nicholas,Galloway,nicholas.galloway@yahoo.com,CA,2023-03-12 05:38:38
527,Adrienne,Ellis,adrienne.ellis@hotmail.com,US,2023-12-26 04:34:20
948,Robert,Dunn,robert.dunn@yahoo.com,US,2023-09-14 09:58:38
638,Justin,Ortiz,justin.ortiz@hotmail.com,DE,2023-10-09 13:57:24
16,Lindsay,Blair,lindsay.blair@outlook.com,US,2023-12-15 04:16:08
118,Joe,Wilson,joe.wilson@example.com,AU,2023-01-24 13:31:35
281,Ross,Wood,ross.wood@gmail.com,GB,2023-09-23 04:18:27
162,Lisa,Keith,lisa.keith@outlook.com,US,2023-11-23 12:24:42
876,Mark,Bates,mark.bates@gmail.com,US,2023-11-08 12:49:28
280,Kimberly,Reed,kimberly.reed@example.com,CA,2023-01-29 15:38:34
959,Jamie,Aguilar,jamie.aguilar@yahoo.com,US,2023-03-14 00:59:17
688,Brian,Shaw,brian.shaw@hotmail.com,GB,2023-01-28 21:33:49
452,Tiffany,Barrett,tiffany.barrett@yahoo.com,US,2023-03-26 12:23:07
327,Shelley,Woods,shelley.woods@outlook.com,US,2023-01-10 12:55:39
546,Sandra,Jones,sandra.jones@gmail.com,AU,2023-01-22 12:54:47
284,Daniel,Yu,daniel.yu@example.com,CA,2023-05-16 01:40:24
294,Steven,Bishop,steven.bishop@example.com,US,2023-01-14 02:27:38
198,Aaron,Mitchell,aaron.mitchell@hotmail.com,CA,2023-12-12 01:25:17
206,Loretta,Potter,loretta.potter@gmail.com,US,2023-06-04 23:04:30
329,Charles,Soto,charles.soto@hotmail.com,US,2023-02-17 14:31:56
215,Karen,Carrillo,karen.carrillo@outlook.com,,2023-11-11 13:20:42
655,Michael,Cox,michael.cox@hotmail.com,US,2023-09-30 14:09:20
791,Ryan,Bartlett,ryan.bartlett@gmail.com,US,2023-05-04 00:12:33
777,David,Harris,david.harris@hotmail.com,GB,
883,John,Grant,john.grant@outlook.com,GB,2023-02-25 02:15:10
24,Craig,Ramirez,craig.ramirez@hotmail.com,IN,2023-08-07 04:23:48
320,Amanda,Hill,amanda.hill@example.com,US,2023-12-03 01:41:49
764,Jose,Green,jose.green@gmail.com,US,2023-09-27 08:54:52
675,Steven,Campbell,steven.campbell@yahoo.com,US,2023-07-07 22:59:30
785,Madeline,Jones,madeline.jones@example.com,US,2023-09-02 18:09:03
893,Kelly,Roberts,kelly.roberts@example.com,IN,2023-11-08 10:46:04
106,Joseph,Bowers,joseph.bowers@gmail.com,FR,2023-02-10 03:37:01
48,Bryan,James,bryan.james@example.com,CA,2023-04-09 06:42:45
479,Alexander,Herrera,alexander.herrera@example.com,US,2023-02-21 17:44:58
927,Jacob,Doyle,jacob.doyle@outlook.com,CA,2023-07-21 18:12:35
90,Rodney,Owens,rodney.owens@example.com,,2023-03-15 02:45:18
609,Lisa,Young,lisa.young@gmail.com,IN,2023-11-14 17:43:55
704,Rebecca,Carlson,rebecca.carlson@outlook.com,US,2023-09-07 03:59:54
46,Daniel,Burton,daniel.burton@yahoo.com,US,2023-01-28 07:25:07
319,Harry,Smith,harry.smith@yahoo.com,GB,2023-11-20 10:53:59
5,Robert,Johnson,robert.johnson@yahoo.com,DE,2023-04-05 06:48:21
119,Pamela,Sanchez,pamela.sanchez@yahoo.com,DE,2023-10-16 14:50:01
535,Mark,Vang,mark.vang@example.com,GB,2023-07-17 11:03:31
731,Michael,Norman,michael.norman@hotmail.com,CA,2023-09-12 02:50:45
397,Natasha,Shields,natasha.shields@example.com,AU,2023-12-30 05:40:43
471,Makayla,Olson,makayla.olson@outlook.com,US,2023-09-07 14:37:27
38,Diana,Foster,diana.foster@hotmail.com,FR,2023-01-07 06:34:28
924,Taylor,Lee,taylor.lee@example.com,CA,2023-03-10 12:09:08
211,Robert,Soto,robert.soto@yahoo.com,US,2023-03-21 18:35:45
136,Lisa,Evans,lisa.evans@yahoo.com,US,2023-04-28 14:04:43
693,Devin,Mitchell,devin.mitchell@example.com,IN,2023-11-28 05:04:48
529,Timothy,Morales,timothy.morales@hotmail.com,DE,2023-11-28 07:03:15
101,Tanya,House,tanya.house@hotmail.com,DE,2023-05-25 13:16:53
788,Melvin,Humphrey,melvin.humphrey@outlook.com,GB,2023-07-16 05:14:53
147,Dana,Green,dana.green@gmail.com,IN,2023-04-23 15:18:42
336,Scott,Dalton,scott.dalton@yahoo.com,NL,2023-05-26 10:35:23
795,Michael,Everett,michael.everett@outlook.com,CA,2023-05-02 22:33:27
318,James,Perez,james.perez@example.com,CA,2023-07-06 18:37:09
537,Catherine,Garcia,catherine.garcia@gmail.com,US,2023-08-02 00:15:02
751,Erin,Cisneros,erin.cisneros@example.com,US,2023-09-10 21:56:58
1000,Phillip,Elliott,phillipp.elliott@example.com,US,2023-02-01 10:45:05
349,Donna,Peck,donna.peck@hotmail.com,AU,2023-07-18 10:34:22
195,Shelby,Byrd,shelby.byrd@example.com,US,2023-11-05 13:41:06
158,Kimberly,Henson,kimberly.henson@outlook.com,US,2023-11-09 00:18:46
513,Dylan,Lester,dylan.lester@yahoo.com,US,2023-08-20 20:10:28
495,Julia,Moore,julia.moore@yahoo.com,DE,2023-02-05 22:20:53
880,Kelsey,Le,kelsey.le@hotmail.com,CA,2023-04-12 01:55:42
26,Mitchell,Clark,mitchell.clark@outlook.com,US,2023-12-29 09:15:03
934,Marcus,Wright,marcus.wright@hotmail.com,US,2023-10-04 09:28:30
455,Brandon,Obrien,brandon.obrien@hotmail.com,IN,2023-01-28 13:43:31
95,James,West,james.west@gmail.com,AU,2023-04-13 13:34:47
942,Paula,Padilla,paula.padilla@example.com,US,2023-02-15 17:59:45
797,John,Reid,john.reid@example.com,US,2023-02-16 07:58:54
39,Robin,Ellis,robin.ellis@yahoo.com,US,2023-03-08 02:28:51
804,Anne,Bryan,anne.bryan@outlook.com,DE,2023-11-22 03:47:14
384,Samuel,Wolfe,samuel.wolfe@outlook.com,US,2023-01-02 02:59:30
115,Eric,Yu,eric.yu@outlook.com,US,2023-07-20 21:24:21
919,Albert,Bradley,albert.bradley@example.com,US,2023-11-30 10:22:56
846,Sheila,Fischer,sheila.fischer@example.com,CA,2023-11-29 02:24:39
538,Jacqueline,Farrell,jacqueline.farrell@outlook.com,,2023-12-06 01:35:51
222,Caitlin,Dodson,caitlin.dodson@example.com,US,2023-11-19 07:51:27
310,Jacqueline,Nelson,jacqueline.nelson@outlook.com,US,2023-08-12 14:51:35
463,Debbie,Parker,debbie.parker@example.com,GB,2023-09-15 11:25:29
381,Katherine,Garrett,katherine.garrett@example.com,US,2023-01-05 16:26:29
244,Robert,Adkins,robert.adkins@gmail.com,US,2023-11-16 14:48:36
979,April,Owen,april.owen@hotmal.com,US,2023-09-09 11:32:51
89,Collin,Jordan,collin.jordan@outlook.com,CA,2023-11-27 20:17:49
897,Amanda,Fitzpatrick,amanda.fitzpatrick@gmail.com,US,2023-07-04 01:36:41
279,David,Riggs,david.riggs@hotmail.com,US,2023-02-08 13:40:50
33,Megan,Parsons,megan.parsons@gmail.com,US,2023-12-28 10:04:32
727,Bobby,Mahoney,bobby.mahoney@outlook.com,US,2023-10-06 05:47:32
323,Miranda,Henry,miranda.henry@yahoo.com,FR,2023-10-10 14:04:44
723,Crystal,Cain,crystal.cain@hotmail.com,DE,2023-01-13 12:26:50
936,Karen,Finley,karen.finley@hotmail.com,CA,2023-09-05 22:44:42
770,Christopher,Fleming,christopher.fleming@example.com,CA,2023-06-17 00:42:15
802,Donna,Le,donna.le@outlook.com,DE,2023-06-26 17:30:11
120,Brooke,Harvey,brooke.harvey@gmail.com,US,2023-06-08 09:42:37
610,Dwayne,Gonzalez,dwayne.gonzalez@outlook.com,GB,2023-03-10 02:25:57
192,Kyle,Ortiz,kyle.ortiz@yahoo.com,GB,2023-09-15 22:19:41
399,Robert,Villa,robert.villa@example.com,US,2023-06-05 09:24:11
621,Brian,Romero,brian.romero@hotmail.com,US,2023-09-22 22:25:02
585,Adrian,Turner,adrian.turner@outlook.com,GB,2023-02-18 22:56:59
170,Steven,Torres,steven.torres@outlook.com,US,2023-04-01 01:20:50
863,Krista,Parsons,krista.parsons@gmail.com,GB,2023-07-25 15:19:00
548,Colin,Rodgers,colin.rodgers@yahoo.com,DE,2023-01-30 07:57:54
642,Erika,Mitchell,erika.mitchell@outlook.com,US,2023-12-21 10:55:17
385,David,Dudley,david.dudley@gmail.com,US,2023-02-05 20:46:41
348,Kristin,Weber,kristin.weber@yahoo.com,CA,2023-08-22 15:33:24
32,Angela,Cohen,angela.cohen@hotmail.com,US,2023-08-19 07:00:04
861,Hailey,Johnson,hailey.johnson@outlook.com,US,2023-06-05 09:00:00
288,Joseph,Morton,joseph.morton@outlook.com,GB,2023-11-03 22:49:29
153,Earl,Anderson,earl.anderson@yahoo.com,DE,2023-04-01 17:26:05
68,Christopher,Tucker,christopher.tucker@yahoo.com,US,2023-03-03 08:22:41
984,Jason,Taylor,json.taylor@example.com,FR,2023-05-02 05:24:19
815,James,Lawson,james.lawson@gmail.com,IN,2023-08-24 17:58:37
955,Bryan,Kelley,bryan.kelley@hotmail.com,US,2023-02-05 05:01:48
340,Jared,Clark,jared.clark@hotmail.com,GB,2023-07-17 17:31:45
702,Robert,Bauer,robert.bauer@yahoo.com,US,2023-05-21 09:35:33
592,Charles,Hensley,charles.hensley@hotmail.com,FR,2023-11-02 12:28:46
214,Diana,Smith,diana.smith@example.com,DE,2023-03-15 07:26:21
20,Michelle,Ray,michelle.ray@gmail.com,US,2023-09-15 16:16:35
549,Lisa,Hawkins,lisa.hawkins@example.com,US,2023-12-15 23:05:37
569,Richard,Thomas,richard.thomas@gmail.com,US,2023-02-07 20:56:51
324,Monique,Andrews,monique.andrews@gmail.com,US,2023-06-15 06:21:38
695,Dominic,Thornton,dominic.thornton@example.com,GB,2023-06-08 02:29:28
743,Kirk,Morrison,kirk.morrison@gmail.com,DE,2023-02-15 22:21:02
579,Scott,Nelson,scott.nelson@yahoo.com,CA,2023-01-08 19:14:01
307,Bonnie,Kennedy,bonnie.kennedy@hotmail.com,GB,2023-10-18 17:18:57
534,Cynthia,Kelley,cynthia.kelley@gmail.com,US,2023-06-17 02:16:45
856,Amanda,Erickson,amanda.erickson@hotmail.com,US,2023-02-17 05:01:02
58,Rita,Harrell,rita.harrell@yahoo.com,GB,2023-03-24 14:35:45
761,John,Wilson,john.wilson@hotmail.com,FR,2023-12-06 00:20:15
952,Morgan,Miller,morgan.miller@yahoo.com,US,2023-08-31 23:07:11
834,Destiny,Ruiz,destiny.ruiz@example.com,US,2023-05-28 08:11:35
803,Cassie,Kirby,cassie.kirby@hotmail.com,CA,2023-07-10 18:22:49
474,Sydney,Taylor,sydney.taylor@yahoo.com,CA,2023-03-28 15:33:40
344,Brittney,Carter,brittney.carter@gmail.com,GB,2023-02-21 23:39:49
550,Brenda,Hoffman,brenda.hoffman@gmail.com,CA,2023-10-13 02:37:36
886,Jared,Bush,jared.bush@yahoo.com,US,2023-08-21 11:51:57
472,Lindsay,Francis,lindsay.francis@outlook.com,US,2023-03-09 22:51:50
643,Jennifer,Douglas,jennifer.douglas@hotmail.com,GB,2023-12-21 09:12:09
160,Eric,Spears,eric.spears@outlook.com,CA,2023-05-18 17:24:29
494,Sonya,Barnes,sonya.barnes@yahoo.com,AU,2023-11-30 01:17:55
140,Joseph,Jacobs,joseph.jacobs@example.com,AU,2023-06-15 22:19:44
662,Benjamin,Rogers,benjamin.rogers@hotmail.com,US,2023-01-17 18:19:10
37,Nancy,Edwards,nancy.edwards@gmail.com,GB,2023-12-04 01:25:46
817,Jessica,Valencia,jessica.valencia@outlook.com,GB,2023-03-14 16:06:35
486,Jeffrey,Brown,jeffrey.brown@gmail.com,GB,2023-03-18 11:34:52
491,Colton,Clay,colton.clay@example.com,US,2023-02-07 01:36:22
689,Joe,Vang,joe.vang@example.com,DE,2023-03-31 21:55:21
347,Grace,Bradshaw,grace.bradshaw@outlook.com,CA,2023-09-16 23:46:03
854,Jodi,Evans,jodi.evans@gmail.com,FR,2023-08-03 03:16:39
339,Jody,Meza,jody.meza@example.com,US,2023-12-11 05:25:39
966,Allen,Robertson,allenrobertson@outlook.com,US,2023-11-15 22:21:06
180,Daniel,Hamilton,daniel.hamilton@example.com,DE,2023-11-29 09:49:51
853,Francisco,Ewing,francisco.ewing@yahoo.com,US,2023-01-30 15:35:03
30,Frank,Gray,frank.gray@example.com,DE,2023-10-23 09:25:42
954,Christian,Elliott,christian.elliott@outlook.com,US,2023-11-27 20:59:47
583,Elizabeth,Williams,elizabeth.williams@hotmail.com,AU,2023-05-31 21:25:37
999,Whitney,Hicks,whitney.hicks@gmial.com,DE,2023-01-21 01:03:37
406,Stanley,Morris,stanley.morris@hotmail.com,US,2023-12-07 06:47:07
350,Ronald,Stephens,ronald.stephens@hotmail.com,GB,2023-02-08 08:35:19
983,John,Wilson,john.wilson@hotmial.com,FR,2023-12-19 00:20:15
703,Stephen,Rodriguez,stephen.rodriguez@hotmail.com,DE,2023-01-06 15:08:52
117,Brooke,Leonard,brooke.leonard@hotmail.com,US,2023-12-23 08:35:00
7,Anthony,Gonzalez,anthony.gonzalez@gmail.com,DE,2023-08-30 12:05:35
786,Teresa,Day,teresa.day@yahoo.com,US,2023-02-13 19:36:40
332,Victoria,Wilson,victoria.wilson@outlook.com,US,2023-01-04 13:08:56
564,Sarah,Gallegos,sarah.gallegos@yahoo.com,US,
519,John,Morris,john.morris@yahoo.com,CA,2023-08-24 12:18:41
308,Alyssa,Coleman,alyssa.coleman@hotmail.com,IN,2023-10-30 22:40:11
316,Tiffany,Warren,tiffany.warren@yahoo.com,US,2023-12-29 09:54:05
70,Katie,Anderson,katie.anderson@hotmail.com,US,
810,Keith,Frye,keith.frye@hotmail.com,DE,2023-09-25 05:40:31
261,Zoe,Bell,zoe.bell@hotmail.com,US,2023-03-31 15:12:14
289,Amanda,Webb,amanda.webb@gmail.com,US,2023-01-07 01:20:59
707,Ruben,Mendez,ruben.mendez@outlook.com,CA,2023-09-17 04:31:00
207,Emily,Walker,emily.walker@outlook.com,FR,2023-08-04 14:32:14
656,Henry,Lewis,henry.lewis@yahoo.com,FR,2023-07-21 05:20:40
12,Matthew,Moore,matthew.moore@example.com,GB,2023-08-08 05:29:24
218,April,Williams,april.williams@example.com,US,2023-12-18 10:42:07
653,Gina,Fox,gina.fox@example.com,GB,2023-09-16 06:32:07
826,Becky,Edwards,becky.edwards@yahoo.com,US,2023-03-09 06:14:12
574,Kimberly,Bradley,kimberly.bradley@yahoo.com,NL,2023-01-22 07:17:34
359,Bill,Reynolds,bill.reynolds@yahoo.com,US,2023-08-30 05:26:41
342,Glenn,Jones,glenn.jones@outlook.com,GB,2023-11-24 22:40:01
47,Laura,Henderson,laura.henderson@example.com,US,2023-09-20 02:26:42
424,Norman,Stewart,norman.stewart@outlook.com,,2023-03-23 07:19:43
425,Jennifer,Malone,jennifer.malone@gmail.com,GB,2023-12-25 01:05:25
631,Edward,Brown,edward.brown@example.com,US,2023-12-22 00:15:23
819,Mitchell,Hoffman,mitchell.hoffman@example.com,FR,2023-09-23 14:24:36
213,Troy,Sanchez,troy.sanchez@outlook.com,US,2023-10-28 20:41:56
990,Steven,Dominguez,steen.dominguez@example.com,IN,2023-11-26 12:15:32
756,Ashley,Jacobs,ashley.jacobs@yahoo.com,GB,2023-08-02 17:29:41
121,Robert,Silva,robert.silva@hotmail.com,CA,2023-08-14 23:35:21
816,Larry,Higgins,larry.higgins@hotmail.com,US,2023-11-08 19:12:29
641,Cameron,Davis,cameron.davis@hotmail.com,CA,2023-09-10 09:43:06
477,Tammy,Ballard,tammy.ballard@example.com,US,2023-02-04 07:19:07
25,Cynthia,Diaz,cynthia.diaz@yahoo.com,CA,2023-11-17 00:38:20
122,Alexandra,Donovan,alexandra.donovan@hotmail.com,DE,2023-03-09 07:07:46
2,Joshua,Walker,joshua.walker@example.com,US,2023-06-01 02:13:14
199,Russell,Carpenter,russell.carpenter@yahoo.com,AU,2023-12-27 14:05:42
298,Matthew,Beard,matthew.beard@gmail.com,US,2023-10-12 16:51:47
726,Bradley,Gonzalez,bradley.gonzalez@example.com,CA,2023-09-25 23:12:18
239,Brandy,Dominguez,brandy.dominguez@outlook.com,IN,2023-12-03 13:54:06
625,Melissa,Gilbert,melissa.gilbert@outlook.com,FR,2023-04-24 13:38:41
905,Andrea,Hickman,andrea.hickman@gmail.com,DE,2023-09-22 14:44:42
185,Aaron,Frost,aaron.frost@example.com,CA,2023-03-06 08:58:52
828,Xavier,Jimenez,xavier.jimenez@gmail.com,GB,2023-10-20 00:48:54
505,Melanie,Gibson,melanie.gibson@yahoo.com,IN,2023-04-28 08:05:41
510,Casey,Hubbard,casey.hubbard@gmail.com,NL,2023-06-05 15:04:14
648,Philip,Larson,philip.larson@outlook.com,IN,2023-10-17 09:54:10
747,Whitney,Hill,whitney.hill@example.com,US,2023-11-02 22:54:04
533,Cameron,Hill,cameron.hill@yahoo.com,DE,2023-12-24 03:49:57
509,David,Cunningham,david.cunningham@yahoo.com,CA,2023-06-01 22:21:52
577,Emily,Nelson,emily.nelson@example.com,US,2023-10-31 18:36:09
630,Marc,Alvarez,marc.alvarez@gmail.com,IN,2023-10-09 11:52:29
133,Martha,Warner,martha.warner@example.com,GB,2023-09-24 03:48:13
950,Elizabeth,Robinson,elizabeth.robinson@yahoo.com,IN,2023-04-23 16:58:08
363,Stephanie,Key,stephanie.key@gmail.com,NL,2023-06-16 05:59:47
639,Matthew,Harper,matthew.harper@hotmail.com,CA,2023-03-10 21:33:52
589,Gregory,James,gregory.james@example.com,US,2023-07-11 23:04:15
539,Debra,Mack,debra.mack@outlook.com,US,2023-03-30 23:20:17
266,David,Caldwell,david.caldwell@yahoo.com,AU,2023-09-25 23:50:28
325,Taylor,Alexander,taylor.alexander@yahoo.com,US,2023-10-24 11:25:08
869,Stacy,Rodriguez,stacy.rodriguez@gmail.com,US,2023-04-21 14:39:28
624,Chase,Lin,chase.lin@outlook.com,IN,2023-10-28 07:08:19
438,Monica,Harvey,monica.harvey@gmail.com,FR,
295,Nicholas,Johnson,nicholas.johnson@yahoo.com,CA,2023-04-03 10:42:18
724,Bryan,Parsons,bryan.parsons@hotmail.com,AU,2023-01-24 08:12:39
808,Robert,Fowler,robert.fowler@example.com,US,2023-01-08 11:05:38
957,Edward,Murphy,edward.murphy@yahoo.com,GB,2023-05-23 15:08:32
620,Kevin,Hill,kevin.hill@hotmail.com,US,2023-07-20 15:02:11
706,John,Thomas,john.thomas@outlook.com,US,2023-09-22 18:07:49
742,Christopher,Guerrero,christopher.guerrero@gmail.com,US,2023-11-29 23:49:27
496,Robert,Garcia,robert.garcia@yahoo.com,DE,2023-10-16 04:36:40
